Product,Review,,,,,
EcoBottle,I wouldn’t recommend the EcoBottle. The price didn’t live up to the hype.,,,,,
EcoBottle,"The ease of use of the EcoBottle is decent, but I’ve seen better.",,,,,
HydraTherm,I wouldn’t recommend the HydraTherm. The capacity didn’t live up to the hype.,,,,,
HydraTherm,The eco-friendliness of the HydraTherm is amazing. I've recommended it to all my friends!,,,,,
HydraTherm,"The durability of the HydraTherm is okay, but there's room for improvement.",,,,,
EcoBottle,I wouldn’t recommend the EcoBottle. The price didn’t live up to the hype.,,,,,
HydraTherm,I was really impressed with the portability of the HydraTherm. It exceeded my expectations!,,,,,
HydraTherm,"The portability of the HydraTherm is decent, but I’ve seen better.",,,,,
HydraTherm,The eco-friendliness of the HydraTherm is amazing. I've recommended it to all my friends!,,,,,
